pk,first_name,last_name,address,city,state,zip,country
1,Vitor,Mouzinh,8 Chambers Wy,Edgartown,MA,2539,US
2,Victor,Mouzinho,8 Chambers Ways,Edgar Town,MA,02539,US
3,Vitore,Mouzin,8 Chambers,Edgartwn,MA,02539,US
4,Viktor,Mouzzinho,8 Chmbrs Wy,Edgartown,MA,02539,US
5,Vit,Mouzinhz,8 Chambers Way,Edgartown,MA,2539,US
6,Liam,Johnson,123 Oak St,Springfield,IL,62701,US
7,Liam,Johnsson,123 Oak Street,Springfield,IL,62701,US
8,Liam,Johnsen,123 Oak St,Springfld,IL,62701,US
9,Liam,Jonson,123 Oak St,Springfield,IL,62701,US
10,Emily,Parker,456 Maple Ave,Lexington,KY,40502,US
11,Emily,Parker,456 Maple Ave,Lexington,KY,40502,US
12,Emily,Parker,456 Maple Ave,Lexington,KY,40502,US
13,Emily,Parker,456 Maple Ave,Lexington,KY,40502,US
14,Noah,Anderson,789 Pine Rd,Portland,OR,97201,US
15,Noah,Anderson,789 Pine Rd,Portland,OR,97201,US
16,Noah,Anderson,789 Pine Rd,Portland,OR,97201,US
17,Noah,Anderson,789 Pine Rd,Portland,OR,97201,US
18,Sophia,Martinez,101 Elm Blvd,San Diego,CA,92101,US
19,Sophia,Martinez,101 Elm Blvd,San Diego,CA,92101,US
20,Sophia,Martinez,101 Elm Blvd,San Diego,CA,92101,US
21,Sophia,Martinez,101 Elm Blvd,San Diego,CA,92101,US
